item_number, item_title, payment_method, postal_code, shipping_method, sales_price, selling_state, best_offer, bin_available, start_time, end_time, listing_type, returns_accepted, condition, top_rated, seller, feedback_percentage, feedback_score, description
233426832824,Apple iPhone 7 - 32GB - Silver (AT&T) A1778 (GSM),PayPal,007**,Free,150.0,EndedWithoutSales,true,false,2019-12-09T12:04:17.000Z,2019-12-08T00:45:12.000Z,FixedPrice,false,3000,false,ifr630,,0,147
153753390831,Speck Presidio Grip Bumper Case for Samsung Galaxy Note8 - Black,PayPal,330**,Free,0.99,EndedWithSales,true,false,2019-12-09T05:14:53.000Z,2019-12-07T17:16:16.000Z,FixedPrice,false,1000,false,steetssales,100,2,131
153753387366,Speck Presidio Grip Bumper Case for Samsung Galaxy Note8 - Black,PayPal,330**,Free,0.99,EndedWithSales,true,false,2019-12-09T05:08:49.000Z,2019-12-07T17:10:27.000Z,FixedPrice,false,1000,false,steetssales,100,2,131
293366560436,Apple iPhone XR 256GB Black (Unlocked) A1984 (CDMA + GSM),PayPal,103**,Free,600.0,EndedWithoutSales,true,false,2019-12-08T21:43:20.000Z,2019-12-07T23:53:16.000Z,FixedPrice,true,3000,false,artur10314,100,692,1111
401988718597,Samsung Galaxy Note10 SM-N970U - 256GB - Aura White (ATT) BAD ESN *READ*,PayPal,641**,Free,450.0,EndedWithoutSales,true,false,2019-12-08T21:28:32.000Z,2019-12-08T00:25:05.000Z,FixedPrice,false,7000,false,yoltes_0,,0,687
283702807678,Apple iPhone 8 Plus - 64GB - Gold (Unlocked) A1864 (CDMA + GSM),PayPal,341**,Free,275.0,EndedWithoutSales,true,false,2019-12-08T19:03:18.000Z,2019-12-07T19:10:47.000Z,FixedPrice,false,3000,false,maryrivas,77.8,77,97
223785152601,Apple AirPods 2nd Generation with Wireless Charging Case - White,PayPal,00000,Free,104.99,EndedWithoutSales,true,false,2019-12-08T18:25:24.000Z,2019-12-07T19:53:02.000Z,FixedPrice,false,1000,false,tyma_491,,0,116
202848081341,Apple iPhone 7 Plus - 128GB - Jet Black (Unlocked) A1784 (GSM),PayPal,840**,Calculated,230.0,EndedWithSales,true,false,2019-12-08T17:46:23.000Z,2019-12-07T17:48:23.000Z,FixedPrice,false,3000,false,savannah_6590,,0,124
233426475542,Apple AirPods with Wireless Charging Case - White,PayPal,528**,Free,60.0,EndedWithoutSales,false,false,2019-12-08T16:38:18.000Z,2019-12-07T22:31:03.000Z,FixedPrice,false,1000,false,williamsc4510,,0,116
223785047029,Apple iPhone 8 Plus - 256GB - Space Gray (Unlocked) A1864 (CDMA + GSM),PayPal,282**,Free,300.0,EndedWithoutSales,true,false,2019-12-08T16:30:34.000Z,2019-12-07T18:28:22.000Z,FixedPrice,false,1000,false,tyma_491,,0,131
223784935598,Apple AirPods 2nd Generation with Charging Case - White,PayPal,00000,Free,100.0,EndedWithoutSales,true,false,2019-12-08T15:51:36.000Z,2019-12-07T16:39:51.000Z,FixedPrice,false,1000,false,tyma_491,,0,116
233425880879,Apple iPhone XS Max - 256 GB - Gold (Unlocked) A2101 (GSM) (AU Stock),CIPInCheckoutEnabled,2***,Flat,157.1,EndedWithSales,true,false,2019-12-08T13:06:47.000Z,2019-12-08T00:51:55.000Z,FixedPrice,true,1000,false,matthewluke-81,,0,155
392575999397,Louis Vuitton Apple Watch Band LV Apple Watch Band 42 44mm Authentic Handmade,PayPal,531**,Free,79.99,EndedWithoutSales,true,false,2019-12-08T12:50:29.000Z,2019-12-08T01:29:37.000Z,FixedPrice,false,1500,false,babydoll25,,0,266
383307092171,Ultra-mince Original Silicone T√©l√©phone √©tui pour iphone 6 6s 7 8 Plus X XR XS M,PayPal,00000,Free,10.0,EndedWithoutSales,false,false,2019-12-08T12:34:04.000Z,2019-12-08T00:44:35.000Z,FixedPrice,false,1000,false,elmbenh0,,0,828
401988793662,Apple iPhone X - 64GB - Space Gray (Unlocked) A1865 (CDMA + GSM),PayPal,018**,Calculated,550.0,EndedWithoutSales,true,false,2019-12-08T10:32:08.000Z,2019-12-08T01:32:08.000Z,FixedPrice,false,2500,false,iselldevices,,0,200
153752579789,Apple AirPods PRO Wireless Headset White MWP22AM/A,PayPal,330**,Calculated,240.0,EndedWithoutSales,true,false,2019-12-08T09:49:58.000Z,2019-12-07T17:28:29.000Z,FixedPrice,false,1000,false,steetssales,100,2,117
383306868498,Ultra-mince Original Silicone T√©l√©phone √©tui pour iphone 6 6s 7 8 Plus X XR XS M,PayPal,00000,Free,10.0,EndedWithoutSales,false,false,2019-12-08T09:06:49.000Z,2019-12-08T00:07:28.000Z,FixedPrice,false,1000,false,elmbenh0,,0,828
401988696298,Apple iPhone X - 64GB - Space Gray (Unlocked) A1865 (CDMA + GSM),PayPal,018**,Calculated,550.0,EndedWithoutSales,true,false,2019-12-08T08:49:28.000Z,2019-12-07T22:31:11.000Z,FixedPrice,false,2500,false,iselldevices,,0,200
392575719427,USAMS US-SJ322 U27 Type-C 5A Flash Charge Data Sync Nylon Braided Data Cable for,PayPal,00000,Free,14.99,EndedWithoutSales,false,false,2019-12-08T08:22:11.000Z,2019-12-07T21:14:23.000Z,FixedPrice,true,1000,false,fysam-73,,0,415
124003136567,Router portable WIFI 3g-2100/1700 4g-1700MHz Battery 3560mAh 4G LTE Cat4 Mobile ,PayPal,112**,Free,43.5,EndedWithoutSales,false,false,2019-12-08T07:30:58.000Z,2019-12-08T01:15:26.000Z,FixedPrice,true,1000,false,yvener11,,8,415
124003136567,Router portable WIFI 3g-2100/1700 4g-1700MHz Battery 3560mAh 4G LTE Cat4 Mobile ,PayPal,112**,Free,45.78,EndedWithoutSales,false,false,2019-12-08T07:30:58.000Z,2019-12-08T01:15:26.000Z,FixedPrice,true,1000,false,yvener11,,8,415
124003136567,Router portable WIFI 3g-2100/1700 4g-1700MHz Battery 3560mAh 4G LTE Cat4 Mobile ,PayPal,112**,Free,43.5,EndedWithoutSales,false,false,2019-12-08T07:30:58.000Z,2019-12-08T01:15:26.000Z,FixedPrice,true,1000,false,yvener11,,8,415
303394429960,Apple iPhone 11 Pro - 64GB - Space Gray (Unlocked) A2160 (CDMA + GSM),PayPal,010**,Flat,949.0,EndedWithSales,true,false,2019-12-08T06:55:49.000Z,2019-12-07T19:39:23.000Z,FixedPrice,false,1000,false,twine406,100,10,181
383306665949,apple watch series 4 44mm,PayPal,275**,Calculated,250.0,EndedWithoutSales,true,false,2019-12-08T06:12:45.000Z,2019-12-07T18:12:46.000Z,FixedPrice,false,3000,false,amadd23,,0,93
223785136069,apple iphone 7 plus unlocked,PayPal,631**,Calculated,220.0,EndedWithoutSales,true,false,2019-12-08T06:07:21.000Z,2019-12-07T23:49:28.000Z,FixedPrice,false,3000,false,zhtoreiomerril_0,,0,96
163978439962,Apple iPhone 11 - 64GB - Black (Unlocked) A2111 (CDMA + GSM),PayPal,390**,Free,450.0,EndedWithoutSales,true,false,2019-12-08T06:06:46.000Z,2019-12-07T20:23:34.000Z,FixedPrice,true,1500,false,e_saeri_buyhpabie,100,250,103
223785135030,Apple AirPods with Wireless Charging Case - White,PayPal,631**,Calculated,95.0,EndedWithoutSales,true,false,2019-12-08T06:06:17.000Z,2019-12-07T23:49:20.000Z,FixedPrice,false,3000,false,zhtoreiomerril_0,,0,117
163978435469,Apple iPhone 11 Pro Max - 256GB - Silver (Unlocked) A2161 (CDMA + GSM),PayPal,390**,Free,675.0,EndedWithoutSales,true,false,2019-12-08T06:05:30.000Z,2019-12-07T20:23:24.000Z,FixedPrice,true,1000,false,e_saeri_buyhpabie,100,250,131
223785134141,Apple Watch Series 1 38mm Space Gray Aluminum Case Black Sport Band (MP022LL/A),PayPal,631**,Calculated,90.0,EndedWithoutSales,true,false,2019-12-08T06:04:58.000Z,2019-12-07T23:49:14.000Z,FixedPrice,false,3000,false,zhtoreiomerril_0,,0,141
223785132892,Apple AirPods 2nd Generation with Wireless Charging Case - White (MRXJ2AM/A),PayPal,631**,Calculated,110.0,EndedWithoutSales,true,false,2019-12-08T06:03:33.000Z,2019-12-07T23:49:06.000Z,FixedPrice,false,3000,false,zhtoreiomerril_0,,0,144
193245671956,Apple iPhone X -64GB- (AS IS Unknown Carrier iCloud On Cracked Front and Back),PayPal,641**,Free,167.0,EndedWithoutSales,false,false,2019-12-08T06:02:02.000Z,2019-12-07T21:30:51.000Z,FixedPrice,false,7000,false,tra_4362,,0,875
223785117223,Apple iPhone X - 64GB - Space Gray (AT&T) A1901 (AT&T FINANCED ESN),PayPal,616**,Free,319.99,EndedWithoutSales,false,false,2019-12-08T05:47:26.000Z,2019-12-07T20:26:11.000Z,FixedPrice,false,3000,false,sselig2,,0,338
264559401290,Lifeproof FRE Waterproof Case for 6/6s (4.7-Inch Version) (77-52564),PayPal,681**,Calculated,6.0,EndedWithoutSales,false,false,2019-12-08T04:00:41.000Z,2019-12-07T23:02:31.000Z,FixedPrice,false,3000,false,paru2019,,25,128
283702832822,Apple iPhone 6 Plus 128GB Factory Unlocked 4G LTE 8MP Camera Smartphone,PayPal,341**,Free,120.0,EndedWithoutSales,false,false,2019-12-08T03:36:59.000Z,2019-12-07T19:40:40.000Z,FixedPrice,false,3000,false,maryrivas,77.8,77,133
372867619969,BRAND NEW Apple AirPods Pro  MWP22AM/A  Wireless Bluetooth Fast FREE Shipping ,PayPal,330**,Calculated,260.0,EndedWithoutSales,true,false,2019-12-08T02:38:26.000Z,2019-12-07T18:11:17.000Z,FixedPrice,false,1000,false,sophibosque-0,,0,139
202848320991,Apple AirPods 2nd Generation with Wireless Charging Case - White (MRXJ2AM/A),PayPal,117**,Free,134.99,EndedWithoutSales,true,false,2019-12-08T01:30:49.000Z,2019-12-08T01:30:33.000Z,FixedPrice,false,1000,false,ah58-97,,0,191
383307143920,Apple Charging Case for AirPods OEM JUST THE CASE NO AIRPODS INCLUDED 1 Gen,PayPal,306**,Calculated,10.0,EndedWithSales,true,false,2019-12-08T01:22:58.000Z,2019-12-08T01:30:03.000Z,FixedPrice,false,3000,false,guna_7400,100,10,143
352882660065,For Apple Airpods Charging Case Cute Disney Minnie Mickey Earphone Airpod Cover,PayPal,333**,Calculated,5.0,EndedWithoutSales,false,false,2019-12-08T01:22:19.000Z,2019-12-08T01:22:54.000Z,FixedPrice,false,1000,false,shaden4238,100,2,146
352882655804,Mortyair Pod Case ,PayPal,333**,Calculated,10.0,EndedWithoutSales,true,false,2019-12-08T01:17:39.000Z,2019-12-08T01:23:17.000Z,FixedPrice,false,1000,false,shaden4238,100,2,85
254446662178,Samsung Galaxy S7 edge Silver Titanium SCREEN MINT Unlocked,PayPal,980**,Flat,115.0,EndedWithSales,false,false,2019-12-08T01:11:42.000Z,2019-12-08T01:24:16.000Z,FixedPrice,false,3000,false,hamlinjohn,100,28,251
392575265561,Apple AirPods Pro - White,PayPal,801**,Calculated,310.0,EndedWithoutSales,false,false,2019-12-08T01:05:27.000Z,2019-12-07T16:32:36.000Z,FixedPrice,false,1000,false,colel3571,,0,86
283703033106,Apple Watch Series 4 44 mm Silver Aluminum Case with White Sport Band (GPS + Ce‚Ä¶,PayPal,197**,Free,210.0,EndedWithSales,true,false,2019-12-08T01:04:30.000Z,2019-12-08T01:25:55.000Z,FixedPrice,false,3000,false,jaysblood1977,80,34,142
124003206185,BLACKBERRY Z10 SQN-100-1 16GB LOCKED TO AT&T SMARTPHONE Lot of 10 PLEASE READ,PayPal,760**,Flat,100.0,EndedWithSales,false,false,2019-12-08T01:03:21.000Z,2019-12-08T01:18:35.000Z,StoreInventory,false,3000,false,laveler2012,100,128,395
202848309224,Brand New Apple AirPods 2nd Generation with Wireless Charging Case - MRXJ2AM/A,PayPal,070**,Flat,122.0,EndedWithSales,false,false,2019-12-08T00:54:10.000Z,2019-12-08T01:05:18.000Z,StoreInventory,false,1000,false,alim66,100,1780,26
153753748539,Wireless Bluetooth Headsets Earbuds Compatible With Apple iPhone AirPods 2,PayPal,331**,Free,34.99,EndedWithoutSales,false,false,2019-12-08T00:52:55.000Z,2019-12-08T00:59:56.000Z,StoreInventory,false,1000,false,supermoda23,75,22,639
312879036715,Apple Watch Gen 1 42mm Gold Aluminium 7000 Series 1 White sport band sm,PayPal,752**,Free,94.99,EndedWithSales,false,false,2019-12-08T00:50:17.000Z,2019-12-08T01:32:06.000Z,StoreInventory,false,3000,false,blvckbagtech,99.6,272,479
392575998187,Apple iPhone 8 - 64GB - Space Gray (AT&T) A1905 (GSM) - New - Original Packaging,PayPal,774**,Free,327.0,EndedWithSales,false,false,2019-12-08T00:48:44.000Z,2019-12-08T01:05:34.000Z,FixedPrice,false,1000,false,shemega_0,100,3,156
312879035489,Apple Watch Series 42mm Space Gray Aluminium Gen 1 7000 Series Black sport band,PayPal,752**,Free,89.99,EndedWithSales,false,false,2019-12-08T00:46:51.000Z,2019-12-08T01:10:28.000Z,StoreInventory,false,3000,false,blvckbagtech,99.6,272,477
352882629520,Ringke Magnetic Air Vent Car Phone Holder 360 Rotation With Mounting Metal Plate,PayPal,201**,Calculated,6.7,EndedWithoutSales,true,false,2019-12-08T00:46:12.000Z,2019-12-08T00:46:46.000Z,FixedPrice,false,1000,false,jomur-6666,100,2,147
333429253326,Soft Silicone Case For Airpods Shockproof Cover Earphone Ultra Thin Protector,PayPal,00000,Free,5.2,EndedWithoutSales,false,false,2019-12-08T00:45:10.000Z,2019-12-08T01:02:28.000Z,FixedPrice,true,1000,false,handyplace,100,16,1892
333429253326,Soft Silicone Case For Airpods Shockproof Cover Earphone Ultra Thin Protector,PayPal,00000,Free,5.2,EndedWithoutSales,false,false,2019-12-08T00:45:10.000Z,2019-12-08T01:02:28.000Z,FixedPrice,true,1000,false,handyplace,100,16,1892
333429253326,Soft Silicone Case For Airpods Shockproof Cover Earphone Ultra Thin Protector,PayPal,00000,Free,5.2,EndedWithoutSales,false,false,2019-12-08T00:45:10.000Z,2019-12-08T01:02:28.000Z,FixedPrice,true,1000,false,handyplace,100,16,1892
333429253326,Soft Silicone Case For Airpods Shockproof Cover Earphone Ultra Thin Protector,PayPal,00000,Free,5.2,EndedWithoutSales,false,false,2019-12-08T00:45:10.000Z,2019-12-08T01:02:28.000Z,FixedPrice,true,1000,false,handyplace,100,16,1892
333429253326,Soft Silicone Case For Airpods Shockproof Cover Earphone Ultra Thin Protector,PayPal,00000,Free,5.2,EndedWithoutSales,false,false,2019-12-08T00:45:10.000Z,2019-12-08T01:02:28.000Z,FixedPrice,true,1000,false,handyplace,100,16,1892
333429253326,Soft Silicone Case For Airpods Shockproof Cover Earphone Ultra Thin Protector,PayPal,00000,Free,5.2,EndedWithoutSales,false,false,2019-12-08T00:45:10.000Z,2019-12-08T01:02:28.000Z,FixedPrice,true,1000,false,handyplace,100,16,1892
333429253326,Soft Silicone Case For Airpods Shockproof Cover Earphone Ultra Thin Protector,PayPal,00000,Free,5.2,EndedWithoutSales,false,false,2019-12-08T00:45:10.000Z,2019-12-08T01:02:28.000Z,FixedPrice,true,1000,false,handyplace,100,16,1892
333429253326,Soft Silicone Case For Airpods Shockproof Cover Earphone Ultra Thin Protector,PayPal,00000,Free,5.2,EndedWithoutSales,false,false,2019-12-08T00:45:10.000Z,2019-12-08T01:02:28.000Z,FixedPrice,true,1000,false,handyplace,100,16,1892
333429253326,Soft Silicone Case For Airpods Shockproof Cover Earphone Ultra Thin Protector,PayPal,00000,Free,5.2,EndedWithoutSales,false,false,2019-12-08T00:45:10.000Z,2019-12-08T01:02:28.000Z,FixedPrice,true,1000,false,handyplace,100,16,1892
333429253326,Soft Silicone Case For Airpods Shockproof Cover Earphone Ultra Thin Protector,PayPal,00000,Free,5.2,EndedWithoutSales,false,false,2019-12-08T00:45:10.000Z,2019-12-08T01:02:28.000Z,FixedPrice,true,1000,false,handyplace,100,16,1892
333429253326,Soft Silicone Case For Airpods Shockproof Cover Earphone Ultra Thin Protector,PayPal,00000,Free,5.2,EndedWithoutSales,false,false,2019-12-08T00:45:10.000Z,2019-12-08T01:02:28.000Z,FixedPrice,true,1000,false,handyplace,100,16,1892
333429253326,Soft Silicone Case For Airpods Shockproof Cover Earphone Ultra Thin Protector,PayPal,00000,Free,5.2,EndedWithoutSales,false,false,2019-12-08T00:45:10.000Z,2019-12-08T01:02:28.000Z,FixedPrice,true,1000,false,handyplace,100,16,1892
333429253326,Soft Silicone Case For Airpods Shockproof Cover Earphone Ultra Thin Protector,PayPal,00000,Free,5.2,EndedWithoutSales,false,false,2019-12-08T00:45:10.000Z,2019-12-08T01:02:28.000Z,FixedPrice,true,1000,false,handyplace,100,16,1892
333429253326,Soft Silicone Case For Airpods Shockproof Cover Earphone Ultra Thin Protector,PayPal,00000,Free,5.2,EndedWithoutSales,false,false,2019-12-08T00:45:10.000Z,2019-12-08T01:02:28.000Z,FixedPrice,true,1000,false,handyplace,100,16,1892
303394694491,Apple Watch Series 3 38mm Space Gray Aluminium Case with Black Sport Band (GPS) ,PayPal,300**,Free,249.97,EndedWithoutSales,false,false,2019-12-08T00:42:38.000Z,2019-12-08T01:27:15.000Z,StoreInventory,true,1000,false,jadon_h,100,504,968
124003186744,Apple iPhone 7 - 128GB - Black (AT&T) For Repair,PayPal,383**,Free,107.0,EndedWithSales,true,false,2019-12-08T00:41:17.000Z,2019-12-08T01:31:43.000Z,FixedPrice,false,7000,false,mwamble1,100,731,1150
163978800037,Apple iPhone 7 Plus - 128GB - Jet Black (AT&T) A1784 (GSM),PayPal,328**,Calculated,275.0,EndedWithoutSales,true,false,2019-12-08T00:40:30.000Z,2019-12-08T00:44:50.000Z,FixedPrice,false,3000,false,cowbys_12,,0,120
184074144606,Apple Air Pods W/ CHARGING CASE And Accessories Protector Case Great Condition,PayPal,900**,Calculated,115.0,EndedWithSales,false,false,2019-12-08T00:35:41.000Z,2019-12-08T00:44:27.000Z,FixedPrice,true,3000,false,denise.m.89,100,17,172
133265171500,Apple AirPods Pro - White,PayPal,291**,Free,220.0,EndedWithSales,true,false,2019-12-08T00:33:13.000Z,2019-12-08T00:41:47.000Z,FixedPrice,false,1000,false,tekham-15,100,1,720
254446637377,Brand New & Sealed Unlocked Black Google Pixel 3A XL 64GB,PayPal,629**,Free,350.0,EndedWithSales,false,false,2019-12-08T00:27:15.000Z,2019-12-08T01:27:31.000Z,FixedPrice,false,1000,false,advcomputertech,100,486,354
324005723916,Apple iPhone 7 - 32GB - Silver (Unlocked) A1778 (GSM),PayPal,840**,Free,119.0,EndedWithSales,false,false,2019-12-08T00:26:29.000Z,2019-12-08T01:00:39.000Z,StoreInventory,true,3000,true,coolandfunnyspencer,100,6714,385
274132371525,Motorola Moto G7 Power (64GB 4GB) 6.2 Dual SIM 4G LTE GSM Unlocked XT1955,PayPal,559**,Flat,129.0,EndedWithSales,true,false,2019-12-08T00:23:30.000Z,2019-12-08T00:45:13.000Z,FixedPrice,false,1500,false,507.jennifer,100,947,226
383307084260,Ultra-mince Original Silicone T√©l√©phone √©tui pour iphone 6 6s 7 8 Plus X XR XS M,PayPal,00000,Free,10.0,EndedWithoutSales,false,false,2019-12-08T00:20:32.000Z,2019-12-08T00:32:36.000Z,FixedPrice,false,1000,false,elmbenh0,,0,828
233426847070,Genuine Apple AirPods Pro - Flawless Condition / In hand,PayPal,175**,Free,249.0,EndedWithSales,true,false,2019-12-08T00:20:30.000Z,2019-12-08T00:30:20.000Z,FixedPrice,false,3000,false,amnyce,100,47,378
223785445479,NEW Apple AirPods Pro  MWP22AM/A  - White ,PayPal,198**,Calculated,295.99,EndedWithSales,true,false,2019-12-08T00:20:27.000Z,2019-12-08T01:34:53.000Z,FixedPrice,false,1000,false,jtan7986,100,218,109
401988870948,Apple iPhone XR - 64GB - Black For AT&T Brand New Sealed Read Description,PayPal,331**,Free,529.0,EndedWithoutSales,true,false,2019-12-08T00:20:23.000Z,2019-12-08T00:39:07.000Z,FixedPrice,true,1000,false,aprovedor,100,64,220
352882611197,Apple iPhone 6s - 16GB - Rose Gold (Unlocked) A1688 (CDMA + GSM),PayPal,530**,Flat,55.0,EndedWithSales,false,false,2019-12-08T00:19:07.000Z,2019-12-08T00:37:56.000Z,FixedPrice,false,3000,false,nilad_42,100,6,781
174119043612,Apple iPhone 11 128GB Box With Accessories,PayPal,328**,Free,20.7,EndedWithoutSales,true,false,2019-12-08T00:18:10.000Z,2019-12-08T00:37:45.000Z,FixedPrice,true,1500,false,lesly_orti,100,132,174
264559789991,Apple iPhone 8 Plus 64GB Gold (only Sprint )A1864 (CDMA + GSM)CRACKED,PayPal,448**,Calculated,119.7,EndedWithSales,true,false,2019-12-08T00:15:51.000Z,2019-12-08T00:26:25.000Z,FixedPrice,true,7000,false,totalwireless-sandusky,99.5,465,206
143465074085,New REIKO LG SPREE DIAMOND RHINESTONE WALLET CASE IN PURPLE,PayPal,112**,Free,11.5,EndedWithoutSales,false,false,2019-12-08T00:14:10.000Z,2019-12-08T01:30:25.000Z,FixedPrice,true,1000,false,cheaptickets16,98.9,435,1439
143465074076,New REIKO LG SPREE DIAMOND RHINESTONE WALLET CASE IN PINK,PayPal,112**,Free,11.5,EndedWithoutSales,false,false,2019-12-08T00:14:09.000Z,2019-12-08T01:30:22.000Z,FixedPrice,true,1000,false,cheaptickets16,98.9,435,1437
184074119320,Apple Watch Series 3 42mm Space Black Stainless Steel Case with Black Sport Band,PayPal,336**,Flat,199.0,EndedWithoutSales,true,false,2019-12-08T00:08:41.000Z,2019-12-08T00:09:12.000Z,FixedPrice,false,3000,false,buyselltrade30,100,27,142
352882602388,Apple iPhone 6s - 16GB - Rose Gold (Unlocked) A1688 (CDMA + GSM),PayPal,530**,Flat,55.0,EndedWithSales,false,false,2019-12-08T00:08:01.000Z,2019-12-08T00:12:30.000Z,FixedPrice,false,3000,false,nilad_42,100,6,781
153753712302,üçéApple Watch Series 4 44mm Stainless Steel Case White ~Empty Box With Packaging,PayPal,917**,Calculated,19.99,EndedWithSales,true,false,2019-12-08T00:06:54.000Z,2019-12-08T00:28:02.000Z,FixedPrice,false,1500,false,dartbilliards,100,946,153
392575935879,Apple iPhone 6s Plus - 64GB - Rose Gold (Unlocked),PayPal,327**,Calculated,184.0,EndedWithoutSales,false,false,2019-12-08T00:06:15.000Z,2019-12-08T00:34:27.000Z,FixedPrice,true,3000,false,robi_3132,100,8,381
383307075520,Apple iPhone 6 Plus - 16GB - Space Gray (Unlocked) A1522 (CDMA + GSM),PayPal,750**,Free,105.0,EndedWithSales,false,false,2019-12-08T00:06:08.000Z,2019-12-08T01:06:40.000Z,FixedPrice,true,3000,false,bnxa4185,100,84,131
163978768937,Apple iPhone 8 Plus - 256GB - Space Gray (AT&T) A1897 (GSM),PayPal,197**,Flat,340.0,EndedWithSales,false,false,2019-12-08T00:05:56.000Z,2019-12-08T00:48:21.000Z,StoreInventory,false,3000,false,cellphonz,100,799,129
333429214131,Apple iPhone - 256GB - Midnight¬†Green (Unlocked) A2161 (CDMA + GSM),PayPal,322**,Free,950.0,EndedWithSales,true,false,2019-12-08T00:04:03.000Z,2019-12-08T00:29:12.000Z,StoreInventory,false,1000,false,snkari1105-9,94.7,38,128
333429212646,Apple iPhone 8 Plus (PRODUCT)RED - 64GB - (Unlocked) - Bad Home Button,PayPal,114**,Free,279.99,EndedWithSales,true,false,2019-12-08T00:03:12.000Z,2019-12-08T00:45:06.000Z,FixedPrice,false,3000,false,merchantmobilenyc,100,123,542
274132325451,Google Pixel 3 XL - 64GB - Clearly White Unlocked,PayPal,891**,Free,290.0,EndedWithSales,true,false,2019-12-08T00:02:59.000Z,2019-12-08T00:24:29.000Z,FixedPrice,false,3000,false,desertmike680,100,67,671
143465067600,BLAVOR Solar Charger Power Bank 20000 external batery,PayPal,616**,Calculated,22.5,EndedWithoutSales,true,false,2019-12-08T00:02:58.000Z,2019-12-08T00:11:02.000Z,FixedPrice,true,1000,false,daddyfish58,100,214,140
383307071325,Anti-chute antichoc coque de t√©l√©phone pour iphone 11 11Pro Max XR XS Max ,PayPal,00000,Free,10.0,EndedWithoutSales,false,false,2019-12-08T00:02:38.000Z,2019-12-08T00:23:29.000Z,FixedPrice,false,1000,false,elmbenh0,,0,979
174119037451,Apple Watch Series 3 42mm Stainless Steel,PayPal,432**,Calculated,150.0,EndedWithSales,true,false,2019-12-08T00:02:15.000Z,2019-12-08T00:23:31.000Z,FixedPrice,false,3000,false,wilal-905,100,5,134
184074113383,Apple Watch Series 3 42mm Gold Aluminium Case with Pink Sand Sport Band,PayPal,577**,Free,165.0,EndedWithSales,false,false,2019-12-08T00:01:59.000Z,2019-12-08T00:47:45.000Z,StoreInventory,true,3000,false,fnb205gf,99.7,987,355
174119034961,Apple AirPods 2nd Generation with Charging Case - White,PayPal,076**,Free,139.99,EndedWithSales,true,false,2019-12-07T23:58:45.000Z,2019-12-08T00:58:30.000Z,FixedPrice,true,1000,false,jasoche_23,100,14,122
274132304040,Google Pixel 3 XL - 64GB - Clearly White Sprint (Unlocked),PayPal,891**,Free,290.0,EndedWithoutSales,true,false,2019-12-07T23:58:40.000Z,2019-12-08T00:00:25.000Z,FixedPrice,false,3000,false,desertmike680,100,67,506
223785427013,Apple Watch Series 5 44mm Space Gray Aluminum & 2 Yr Extended Warranty & 3 Bands,PayPal,980**,Calculated,425.0,EndedWithSales,true,false,2019-12-07T23:55:02.000Z,2019-12-08T00:15:22.000Z,FixedPrice,false,3000,false,talejandro,,23,322
223785427922,Apple iPhone X - 64GB - Silver (Verizon) A1865 (CDMA + GSM),PayPal,891**,Flat,365.0,EndedWithSales,false,false,2019-12-07T23:54:55.000Z,2019-12-08T00:05:08.000Z,FixedPrice,false,3000,false,stephcozar,100,204,608
133265146393,Apple AirPods Pro - White,PayPal,291**,Free,220.0,EndedWithSales,true,false,2019-12-07T23:54:17.000Z,2019-12-08T00:13:05.000Z,FixedPrice,false,1000,false,tekham-15,100,1,720
392575169737,Cute Glitter Fancy  Hard Earphone Case For Apple AirPods and charging port,PayPal,100**,Free,10.0,EndedWithSales,true,false,2019-12-07T23:53:54.000Z,2019-12-08T00:40:50.000Z,FixedPrice,false,1000,false,ga-8077,,0,122
163978759412,iPhone 8 PLUS 64GB UNLOCKED ROSE GOLD EXCELLENT CONDITION,PayPal,021**,Calculated,340.0,EndedWithoutSales,true,false,2019-12-07T23:51:03.000Z,2019-12-08T00:19:42.000Z,FixedPrice,false,3000,false,m02773034,100,10,305
392575169737,Cute Glitter Fancy  Hard Earphone Case For Apple AirPods and charging port,PayPal,100**,Free,10.0,EndedWithSales,true,false,2019-12-07T23:53:54.000Z,2019-12-08T00:40:50.000Z,FixedPrice,false,1000,false,ga-8077,,0,122
163978759412,iPhone 8 PLUS 64GB UNLOCKED ROSE GOLD EXCELLENT CONDITION,PayPal,021**,Calculated,340.0,EndedWithoutSales,true,false,2019-12-07T23:51:03.000Z,2019-12-08T00:19:42.000Z,FixedPrice,false,3000,false,m02773034,100,10,305
153753699094,Amazfit Bip Smartwatch by Huami-Heart Rate Activity Tracking GPS,PayPal,551**,Calculated,25.0,EndedWithSales,true,false,2019-12-07T23:50:58.000Z,2019-12-08T01:33:43.000Z,FixedPrice,false,3000,false,fidget225,100,73,765
264559767776,Apple EarPods (MD827LL/A) with Remote and Microphone - White,PayPal,379**,Calculated,4.9,EndedWithoutSales,true,false,2019-12-07T23:46:45.000Z,2019-12-07T23:47:20.000Z,FixedPrice,true,1000,false,hedde_justi,,11,127
184074098670,Apple iPhone 8 - 64GB - Gray (Unlocked) A1905 (GSM) CRACK BACK & SCREEN #C99,PayPal,891**,Flat,199.0,EndedWithSales,true,false,2019-12-07T23:45:17.000Z,2019-12-07T23:55:35.000Z,StoreInventory,false,7000,false,rebelsinc,100,362,252
383307058845,Samsung Galaxy Note9 SM-N960 - 128GB - Ocean Blue (Sprint) (Dual SIM),PayPal,333**,Free,299.0,EndedWithSales,true,false,2019-12-07T23:45:11.000Z,2019-12-08T00:36:55.000Z,FixedPrice,true,3000,false,salem-578441,100,22,175
143465050527,Apple AirPods 2nd Generation with Charging Case - White,PayPal,751**,Calculated,132.99,EndedWithoutSales,true,false,2019-12-07T23:39:03.000Z,2019-12-07T23:42:11.000Z,FixedPrice,false,1000,false,joro-8132,100,9,75
133265136466,LG Optimus Zone VS410PP - 4GB - Black (Verizon) Smartphone,PayPal,070**,Calculated,19.99,EndedWithoutSales,false,false,2019-12-07T23:37:49.000Z,2019-12-08T00:05:54.000Z,FixedPrice,false,1000,false,samuelspan,100,438,119
383307032118,Lcd Screen  For Lg V30 / V35 Thinq V350Ulm V350Awm H932 H931 V300S Vs996 Us998 H,PayPal,00000,Free,160.42,EndedWithoutSales,false,false,2019-12-07T23:37:24.000Z,2019-12-08T00:23:49.000Z,FixedPrice,true,1000,false,*hypemarket*,,0,3562
153753687572,Samsung Galaxy S6 Edge SM-G925A - 32GB - Black (AT&T) Smartphone,PayPal,652**,Free,70.0,EndedWithSales,false,false,2019-12-07T23:37:20.000Z,2019-12-07T23:46:50.000Z,StoreInventory,true,3000,false,acc_alarmguy,99.5,2824,95
312878996440,Apple iPhone X Smartphone 64GB 256GB Verizon GSM Unlocked AT&T T-Mobile Sprint,PayPal,540**,Free,350.0,EndedWithSales,true,false,2019-12-07T23:37:13.000Z,2019-12-07T23:57:52.000Z,FixedPrice,true,2500,false,highfu81,,0,159
264559760687,OtterBox Defender Series Case For Motorola Droid Turbo - Black,PayPal,510**,Free,14.0,EndedWithSales,false,false,2019-12-07T23:37:06.000Z,2019-12-08T01:03:18.000Z,FixedPrice,false,1000,false,cedarhollowfarm,100,214,130
274132275846,Apple iPhone 5s - 16GB - Space Gray (AT&T) A1533 (GSM) Used,PayPal,300**,Free,30.0,EndedWithSales,true,false,2019-12-07T23:35:57.000Z,2019-12-08T00:18:42.000Z,FixedPrice,false,3000,false,techdepot25,100,737,235
274132275649,Google Pixel 3 XL - 64GB - Clearly White Sprint (Unlocked),PayPal,891**,Free,290.0,EndedWithoutSales,true,false,2019-12-07T23:35:30.000Z,2019-12-08T00:03:33.000Z,FixedPrice,true,3000,false,desertmike680,100,67,506
202848272230,Apple iPhone 6 - 64GB - Space Gray (Unlocked) A1549 (GSM),PayPal,951**,Calculated,45.99,EndedWithSales,true,false,2019-12-07T23:34:19.000Z,2019-12-08T00:47:35.000Z,FixedPrice,false,7000,false,congratsonyournew,100,27,116
133265133537,LG Optimus Zone VS410PP - 4GB - Black (Verizon) Smartphone,PayPal,070**,Calculated,22.9,EndedWithoutSales,true,false,2019-12-07T23:33:28.000Z,2019-12-07T23:36:23.000Z,FixedPrice,false,1000,false,samuelspan,100,438,119
202848270824,Apple Watch Series 4 40mm Space Gray Aluminum Case GPS,PayPal,329**,Free,230.0,EndedWithSales,true,false,2019-12-07T23:29:28.000Z,2019-12-08T00:25:17.000Z,FixedPrice,true,1500,false,kirby.david,100,181,97
283702979651,Apple iPhone 11 Pro Max - 256GB - Space Gray (AT&T) BLOCKED BAD ESN PARTS READ,PayPal,333**,Free,785.0,EndedWithSales,true,false,2019-12-07T23:28:26.000Z,2019-12-07T23:51:26.000Z,FixedPrice,false,7000,false,theavenueshop1,88.2,24,257
153753679831,Xiaomi redmi note 7 factory unlocked,PayPal,024**,Calculated,130.0,EndedWithSales,true,false,2019-12-07T23:28:12.000Z,2019-12-08T00:29:27.000Z,FixedPrice,false,3000,false,xerune,100,113,115
143465039518,Apple AirPods 2nd Generation with Charging Case Latest Model - White Brand New,PayPal,351**,Free,120.0,EndedWithoutSales,true,false,2019-12-07T23:27:49.000Z,2019-12-08T00:09:41.000Z,FixedPrice,false,2000,false,shauncra-0,,0,307
383307016716,Apple Watch Series 1,PayPal,773**,Free,120.0,EndedWithoutSales,true,false,2019-12-07T23:27:44.000Z,2019-12-08T00:08:29.000Z,FixedPrice,false,3000,false,babyblue*n*curlyq,100,502,94
133265129283,Samsung Galaxy J7 SM-J700P 16GB White Boost Mobile Smartphone 9/10,PayPal,606**,Flat,32.0,EndedWithoutSales,true,false,2019-12-07T23:26:31.000Z,2019-12-07T23:27:51.000Z,FixedPrice,true,7000,false,breese_technology,100,57,321
233426787602,iphone 6s plus unlocked 32gb used,PayPal,922**,Free,250.0,EndedWithoutSales,false,false,2019-12-07T23:26:28.000Z,2019-12-08T00:41:09.000Z,FixedPrice,false,3000,false,zbhalo,100,23,266
324005681575,Apple iPhone 7 Plus - 128GB - Black (Unlocked) A1784 (GSM),PayPal,H2S***,Flat,180.91,EndedWithSales,true,false,2019-12-07T23:26:28.000Z,2019-12-07T23:44:56.000Z,FixedPrice,false,3000,false,mrkumasi,100,142,126
372867941001,Apple Watch 42mm Stainless Steel Case Black Sport Band,PayPal,282**,Calculated,200.0,EndedWithSales,true,false,2019-12-07T23:23:08.000Z,2019-12-08T00:06:32.000Z,FixedPrice,false,3000,false,amacr3886,,0,237
274132267518,Apple Watch Series 4 Space Gray Aluminum Watch with Black Sport Band (GPS),PayPal,982**,Calculated,260.0,EndedWithoutSales,true,false,2019-12-07T23:21:54.000Z,2019-12-07T23:26:10.000Z,FixedPrice,false,1000,false,camann4,100,102,159
274132266136,Apple Watch Series 3 GPS 38 mm Space Gray Aluminum Case with Black Sport Band -‚Ä¶,PayPal,559**,Flat,180.0,EndedWithSales,true,false,2019-12-07T23:19:27.000Z,2019-12-07T23:42:33.000Z,FixedPrice,false,1500,false,507.jennifer,100,947,123
223785405415,Apple iPhone XS Max MT5M2LL/A 64GB  Gold (Sprint) A1921 Bad Esn,PayPal,601**,Free,449.99,EndedWithSales,true,false,2019-12-07T23:17:44.000Z,2019-12-08T00:30:47.000Z,FixedPrice,true,7000,false,corneroffice_auctions,99.5,9328,4713
383306996459,ipad pro 12.9 2nd gen 512gb ,PayPal,871**,Free,400.0,EndedWithSales,true,false,2019-12-07T23:15:55.000Z,2019-12-07T23:20:34.000Z,FixedPrice,false,3000,false,kribu6085,,0,120
324005673538,Apple iPhone X - 64GB - Space Gray (Factory Unlocked) - Bad Ear Speaker,PayPal,480**,Flat,410.0,EndedWithSales,true,false,2019-12-07T23:14:44.000Z,2019-12-07T23:21:28.000Z,FixedPrice,false,3000,false,cawalatk0,87.5,6,311
401988818290,LG VS986 G4 32GB Verizon GSM Unlocked Worldwide 4G LTE Android 10/10 MINT A++,PayPal,841**,Free,59.99,EndedWithoutSales,true,false,2019-12-07T23:14:16.000Z,2019-12-08T01:29:26.000Z,StoreInventory,false,3000,false,j-goodies,100,546,850
174119009362,Apple iPhone 7 Plus - 32GB - Rose Gold (AT&T) A1784 (GSM),PayPal,537**,Free,209.99,EndedWithSales,true,false,2019-12-07T23:12:34.000Z,2019-12-08T00:49:14.000Z,StoreInventory,true,3000,false,thunder_phone_sales,97.2,4171,261
153753666278,Samsung Galaxy Note 3 SM-N900 - 32 GB - White (Verizon) Smartphone,PayPal,463**,Free,65.0,EndedWithSales,true,false,2019-12-07T23:12:16.000Z,2019-12-08T00:01:53.000Z,FixedPrice,false,3000,false,loveofthegame-6,100,9,128
153753665786,Apple iPhone 7 - 128GB - Rose Gold AT&T ,PayPal,652**,Free,155.0,EndedWithSales,false,false,2019-12-07T23:11:27.000Z,2019-12-07T23:20:14.000Z,StoreInventory,true,3000,false,acc_alarmguy,99.5,2824,195
254446581845,Otterbox Symmetry Clear iPhone XR Case New,PayPal,296**,Free,19.0,EndedWithSales,true,false,2019-12-07T23:11:22.000Z,2019-12-08T00:41:27.000Z,FixedPrice,false,1000,false,randalconno0,100,383,109
383306984717,Color Pencils. Part # 306808,PayPal,00000,Free,36.94,EndedWithoutSales,false,false,2019-12-07T23:10:51.000Z,2019-12-08T00:08:00.000Z,FixedPrice,true,1000,false,warehousedeals365,98.5,77551,24
392575880456,Roam Journey Rugged Wireless Compact Bluetooth Speaker with Microphone,PayPal,00000,Flat,18.1,EndedWithoutSales,false,false,2019-12-07T23:09:34.000Z,2019-12-07T23:25:05.000Z,FixedPrice,true,1000,false,computer-star*,99.5,245901,7034
312878980267,Apple AirPods 2nd Generation with Wireless Charging Case - White (MRXJ2AM/A),PayPal,806**,Calculated,100.0,EndedWithSales,true,false,2019-12-07T23:07:05.000Z,2019-12-07T23:52:33.000Z,FixedPrice,false,1000,false,sir-deg-chpi4cpx,100,5,143
333429127397,MOTO Z2 FORCE 64GB - (SPRINT) CLEAN ESN WORKS White/Gold,CashOnPickup,531**,Calculated,50.0,EndedWithSales,true,false,2019-12-07T23:05:29.000Z,2019-12-08T00:02:32.000Z,FixedPrice,false,3000,false,jgpisani,100,199,404
153753660210,Apple Watch Sport 42mm Space Gray Aluminum Case Black Band Smartwatch Series 1,PayPal,117**,Free,89.87,EndedWithSales,true,false,2019-12-07T23:05:25.000Z,2019-12-08T00:55:50.000Z,FixedPrice,true,3000,false,jmg_products5,100,22,242
184074066701,Unlocked Samsung Galaxy Note9 SM-N960U 128GB GSM  - Ocean Blue #READ22,PayPal,891**,Flat,129.0,EndedWithSales,true,false,2019-12-07T23:05:14.000Z,2019-12-07T23:13:50.000Z,StoreInventory,false,7000,false,rebelsinc,100,362,404
143465011951,Apple iPhone 7 Plus (PRODUCT) RED - 128GB - (Unlocked) A1661 Smartphone,PayPal,524**,Free,189.95,EndedWithSales,false,false,2019-12-07T23:04:56.000Z,2019-12-07T23:43:27.000Z,StoreInventory,true,7000,true,smartphonesplusllc,99,680,1280
401988814462,Apple iPhone XR 64GB Black AT&T - Brand New Sealed. Read Description,PayPal,331**,Free,529.0,EndedWithoutSales,true,false,2019-12-07T23:03:57.000Z,2019-12-08T00:19:23.000Z,FixedPrice,true,1000,false,aprovedor,100,64,220
153753659287,Apple Watch Series 3 38mm Gold Aluminium Case with Pink Sand Sport Band (GPS) -,PayPal,334**,Calculated,150.0,EndedWithSales,false,false,2019-12-07T23:03:56.000Z,2019-12-08T00:13:55.000Z,FixedPrice,false,3000,false,reneesclosett,100,123,265
163978718895,Samsung Galaxy Note10+ SM-N975U - 256GB - Aura Glow (Unlocked) (Single SIM),PayPal,117**,Free,750.0,EndedWithoutSales,true,false,2019-12-07T23:01:48.000Z,2019-12-07T23:05:08.000Z,FixedPrice,false,3000,false,guitarfreak94,100,60,301
254446576027,Apple Watch Series 3 38mm GPS and Cellular Space Gray Aluminum Gray Sport Band,PayPal,531**,Free,174.0,EndedWithSales,false,false,2019-12-07T23:01:17.000Z,2019-12-07T23:28:07.000Z,FixedPrice,false,3000,false,spinat07,100,271,136
233426747068,Genuine Apple AirPods Pro - Flawless Condition / In hand,PayPal,175**,Free,235.0,EndedWithSales,true,false,2019-12-07T22:59:02.000Z,2019-12-07T23:42:04.000Z,FixedPrice,false,3000,false,amnyce,100,47,378
184074063397,LG Stylo 2 LGMS550 (MetroPCS) Smartphone FOR PARTS,PayPal,983**,Flat,24.99,EndedWithSales,false,false,2019-12-07T22:58:39.000Z,2019-12-08T00:28:26.000Z,StoreInventory,true,7000,false,auctionblondie,99.2,494,79
383306966944,iPhone Charger 3FT/6FT/10FT MFi Certified Lightning Cable Nylon Braided USB Char,PayPal,066**,Free,15.0,EndedWithoutSales,true,false,2019-12-07T22:58:24.000Z,2019-12-08T00:54:12.000Z,FixedPrice,false,1000,false,zathom56,,0,147
333429110410,Verizon Samsung Galaxy S7  32GB SM-G930V 5.1 (Black) *No sound*,PayPal,731**,Flat,39.99,EndedWithSales,false,false,2019-12-07T22:57:44.000Z,2019-12-07T23:54:19.000Z,FixedPrice,false,7000,false,cell_smart,98.9,2101,1676
401988809598,Apple iPhone 6 Plus 16gb White - Verizon AT&T T-Mobile Unlocked 7411545,NA,328**,Free,135.0,EndedWithoutSales,false,false,2019-12-07T22:57:27.000Z,2019-12-07T23:06:52.000Z,FixedPrice,true,3000,true,thegizmotrader,99.2,71563,17800
264559735472,Samsung Galaxy Note8 SM-N950U - 64GB - Midnight Black (Xfinity) Smartphone,PayPal,840**,Free,200.0,EndedWithSales,false,false,2019-12-07T22:55:45.000Z,2019-12-07T22:59:18.000Z,FixedPrice,false,3000,false,hesherlobster,100,142,274
401988808753,Apple iPhone 6 Plus 128gb Black - Verizon AT&T T-Mobile Unlocked 7404322,NA,328**,Free,177.0,EndedWithoutSales,false,false,2019-12-07T22:55:23.000Z,2019-12-07T23:57:53.000Z,FixedPrice,true,3000,true,thegizmotrader,99.2,71563,17801
133265106668,Apple Watch Series 2 42mm Aluminum Case W/Gray Nylon Band MP062LL/A,PayPal,450**,Free,118.95,EndedWithoutSales,false,false,2019-12-07T22:53:26.000Z,2019-12-07T23:37:41.000Z,FixedPrice,false,3000,false,musicfreak00,100,335,916
372867922313,Samsung Galaxy S10+ SM-G975U - 128GB - Prism Black (Unlocked) (Single SIM),PayPal,773**,Free,600.0,EndedWithSales,true,false,2019-12-07T22:49:14.000Z,2019-12-08T00:57:34.000Z,FixedPrice,false,2000,false,ricter9715,100,1,155
233425307815,Samsung Galaxy S9+ SM-G965 - 256GB - Midnight Black Smartphone,CIPInCheckoutEnabled,2***,Flat,122.95,EndedWithSales,true,false,2019-12-07T22:48:16.000Z,2019-12-07T23:27:55.000Z,FixedPrice,true,1500,false,matthewluke-81,,0,124
153753646416,Apple iPhone 7 Plus - 128GB - Black (Verizon )  Broken Camera,PayPal,274**,Calculated,200.0,EndedWithSales,true,false,2019-12-07T22:46:09.000Z,2019-12-07T23:20:09.000Z,FixedPrice,false,7000,false,62troubletop,100,1114,502
233425305433,Apple iPhone 6s Plus - 128GB - Rose Gold (Unlocked) A1687 (CDMA + GSM) (AU Stoc‚Ä¶,CIPInCheckoutEnabled,2***,Flat,75.14,EndedWithSales,true,false,2019-12-07T22:45:35.000Z,2019-12-08T00:08:56.000Z,FixedPrice,true,1500,false,matthewluke-81,,0,142
174118995328,Unlocked Apple iPhone XS Max - 256GB - Gold (READ),PayPal,941**,Free,450.0,EndedWithoutSales,false,false,2019-12-07T22:45:30.000Z,2019-12-07T22:52:11.000Z,StoreInventory,false,3000,false,h0n3st_s3ll3r,100,676,699
383306954831,Color Pencils. Part # 610715,PayPal,00000,Free,16.94,EndedWithoutSales,false,false,2019-12-07T22:44:30.000Z,2019-12-07T23:33:45.000Z,FixedPrice,true,1000,false,warehousedeals365,98.5,77551,24
303394616299,Boompods Downdraft Portable Travel Bluetooth Wireless Speaker GREEN,PayPal,00000,Free,19.11,EndedWithoutSales,false,false,2019-12-07T22:43:05.000Z,2019-12-07T22:59:02.000Z,FixedPrice,true,1000,false,computer-star*,99.5,245901,6435
223785380052,Apple iPhone 11 Pro AT&T 64gb Midnight Green,PayPal,194**,Flat,799.99,EndedWithSales,true,false,2019-12-07T22:42:23.000Z,2019-12-08T00:04:29.000Z,FixedPrice,false,3000,false,justiki-54,100,31,526
233425303823,Samsung Galaxy Not9  Midnight Black comes with a brand new shock proof case $170,CIPInCheckoutEnabled,2***,Flat,116.12,EndedWithSales,true,false,2019-12-07T22:42:11.000Z,2019-12-07T22:53:52.000Z,FixedPrice,true,1500,false,matthewluke-81,,0,181
233426735535,Google Pixel 2 XL - 64GB - Black & White (Unlocked) Smartphone,PayPal,111**,Calculated,159.0,EndedWithSales,true,false,2019-12-07T22:41:05.000Z,2019-12-07T23:13:01.000Z,FixedPrice,false,3000,false,dagr1753,100,3,164
312878958562,Moto G7 Supra - 32GB - Blue - (Cricket Carrier Locked) BRAND NEW,PayPal,165**,Calculated,104.99,EndedWithSales,true,false,2019-12-07T22:38:38.000Z,2019-12-08T00:15:54.000Z,FixedPrice,false,1500,false,stmet-72,98.3,57,152
324005649681,Apple iPhone 6 - 64GB - Space Gray (Unlocked) A1549 (CDMA + GSM) AT&T Verizon,PayPal,021**,Free,74.99,EndedWithSales,false,false,2019-12-07T22:38:38.000Z,2019-12-08T00:33:33.000Z,FixedPrice,false,3000,false,computersbuiltforyou,100,188,470
223785377891,Apple iPhone 4s - 16GB - White (Verizon) A1387 ,PayPal,303**,Free,34.99,EndedWithoutSales,true,false,2019-12-07T22:37:54.000Z,2019-12-08T00:51:21.000Z,FixedPrice,true,3000,false,tumiinc,92.3,244,110
133265096635,Apple AirPods 2nd Generation with Charging Case - White,PayPal,941**,Calculated,90.0,EndedWithSales,true,false,2019-12-07T22:37:29.000Z,2019-12-08T00:07:54.000Z,FixedPrice,false,3000,false,carzplus,100,30,295
174118990522,Samsung Galaxy S8+ SM-G955U 64GB - Midnight Black (Unlocked),PayPal,537**,Free,94.99,EndedWithSales,true,false,2019-12-07T22:36:42.000Z,2019-12-08T00:14:00.000Z,StoreInventory,true,3000,false,thunder_phone_sales,97.2,4171,326
383306936064,2019 NEW Super Grade Apple styled Bluetooth AirPods for Apple with charging case,PayPal,945**,Free,27.99,EndedWithoutSales,false,false,2019-12-07T22:36:33.000Z,2019-12-07T23:08:02.000Z,FixedPrice,true,1000,false,reputed-merchandise,90,16,194
163978691210,Brand NEW Sealed Apple iPhone 11 64GB AT&T cricket Ô£ø 1yr warr- A2111- cdma gsm,PayPal,346**,Free,650.0,EndedWithSales,false,false,2019-12-07T22:35:17.000Z,2019-12-07T23:26:52.000Z,FixedPrice,true,1000,false,adhi-7174,100,1,1656
333429090299,Apple AirPods 2nd Generation with Wireless Charging Case - White (MRXJ2AM/A),PayPal,360**,Free,130.0,EndedWithSales,true,false,2019-12-07T22:34:22.000Z,2019-12-07T23:43:41.000Z,StoreInventory,false,1000,false,tmofficial,100,521,356
283702952133,Apple iPhone 6s - 16GB - Space Gray (Unlocked) A1688 (CDMA + GSM),PayPal,271**,Free,89.0,EndedWithSales,false,false,2019-12-07T22:33:43.000Z,2019-12-08T01:16:17.000Z,FixedPrice,true,3000,false,6685jluke,100,1146,406
333429085067,Samsung Galaxy S6 SM-G920A - 64 GB - White Pearl (AT&T) Smartphone,PayPal,917**,Calculated,140.0,EndedWithSales,true,false,2019-12-07T22:31:42.000Z,2019-12-08T00:53:45.000Z,FixedPrice,false,3000,false,juba2509,100,15,128
324005644999,Apple¬†Watch Series 3 (GPS) 42mm Space Gray Aluminum Case with Black Sport...,PayPal,801**,Calculated,191.0,EndedWithSales,true,false,2019-12-07T22:30:50.000Z,2019-12-07T22:42:27.000Z,FixedPrice,false,1000,false,tennisjimbike,100,352,137
303394606484,LG Q7+ BTS Limited Edition - 64GB - Black,PayPal,336**,Flat,134.0,EndedWithSales,true,false,2019-12-07T22:30:49.000Z,2019-12-07T22:38:00.000Z,FixedPrice,false,1500,false,NA,NA,NA,NA
401988790721,Samsung EVO MB-MC128DA/AM Plus 128gb Micro SD Card With Adapter,PayPal,339**,Free,12.9,EndedWithSales,true,false,2019-12-07T22:30:09.000Z,2019-12-08T00:18:57.000Z,FixedPrice,false,1000,false,grace3597,,0,130
174118987062,Apple AirPods Pro - White,PayPal,458**,Calculated,259.99,EndedWithSales,true,false,2019-12-07T22:28:55.000Z,2019-12-07T22:51:20.000Z,FixedPrice,false,1000,false,snack-09,100,361,84
223785371363,Samsung Galaxy S10 Dual SIM 128GB 8GB RAM SM-G973F/DS Prism Black (Unlocked),PayPal,600**,Free,429.95,EndedWithSales,false,false,2019-12-07T22:28:47.000Z,2019-12-08T00:46:50.000Z,FixedPrice,false,3000,false,europartsweb,100,799,212
362842782775,Apple A1602 Charging Case for AirPods - White,PayPal,773**,Free,25.0,EndedWithSales,true,false,2019-12-07T22:28:13.000Z,2019-12-08T01:31:12.000Z,FixedPrice,false,2500,false,scam_3967,100,31,141
153753632892,New Apple iPhone 11 Pro Max - 512GB - Gold (Unlocked) (CDMA + GSM) Silver Green,PayPal,445**,Free,800.0,EndedWithoutSales,false,false,2019-12-07T22:28:05.000Z,2019-12-07T23:09:42.000Z,StoreInventory,true,1000,true,NA,NA,NA,NA
174118986522,Apple iPhone X - 64GB - Silver (Unlocked) A1865 (CDMA + GSM) FASTEST MODEL,PayPal,010**,Calculated,379.0,EndedWithSales,true,false,2019-12-07T22:27:49.000Z,2019-12-07T22:54:31.000Z,FixedPrice,false,1500,false,vit_bratnichenko1,100,233,640
223785369473,Apple AirPods 2nd Generation with Charging Case Latest Model - White MV7N2AM/A,PayPal,606**,Flat,139.99,EndedWithSales,false,false,2019-12-07T22:25:55.000Z,2019-12-07T23:47:12.000Z,StoreInventory,true,1000,false,xingstore,100,633,190
124003095511,Apple iPhone 7 Plus - 128GB - Rose Gold (Verizon),PayPal,323**,Calculated,140.5,EndedWithSales,true,false,2019-12-07T22:25:48.000Z,2019-12-07T22:34:19.000Z,StoreInventory,false,3000,false,kastric7160,100,15,230
133265086898,Apple Watch Series 5 40mm Aluminium Case with White Sport Band - S/M & M/L...,PayPal,940**,Flat,370.0,EndedWithSales,true,false,2019-12-07T22:24:28.000Z,2019-12-08T00:10:45.000Z,FixedPrice,false,1000,false,ecamel,100,203,415
264559717166,for  njojoh6 only,PayPal,00000,Flat,5.99,EndedWithSales,false,false,2019-12-07T22:24:23.000Z,2019-12-07T23:20:02.000Z,FixedPrice,true,1000,false,mooyii,98.1,2650,129
174118984507,Lcd For Samsung Galaxy S10+ Plus size with Frame+ New Battery OEM new,PayPal,932**,Calculated,165.0,EndedWithSales,false,false,2019-12-07T22:23:59.000Z,2019-12-07T22:55:07.000Z,FixedPrice,false,1000,false,jsatinstalls71,100,25,237
174118984220,Samsung Galaxy S8 SM-G950U - 64GB - Midnight Black (Unlocked),PayPal,537**,Free,89.99,EndedWithSales,true,false,2019-12-07T22:23:31.000Z,2019-12-07T22:45:02.000Z,StoreInventory,true,3000,false,thunder_phone_sales,97.2,4171,331
274132169411,Samsung Note 10 Plus Black Oem Display Digitizer + Battery + Frame Sphn975,PayPal,009**,Calculated,215.0,EndedWithSales,true,false,2019-12-07T22:22:40.000Z,2019-12-07T22:41:47.000Z,FixedPrice,false,1000,false,carmeloalexis00,100,238,135
274132168616,Google Pixel 3 XL - 64GB - Clearly White Sprint (Unlocked),PayPal,891**,Free,290.0,EndedWithSales,true,false,2019-12-07T22:21:33.000Z,2019-12-07T23:14:47.000Z,FixedPrice,true,3000,false,desertmike680,100,67,506
303394596052,Apple AirPods 2nd Generation Earbuds with Wireless Charging Case MRXJ2CH/A,PayPal,493**,Calculated,120.0,EndedWithSales,true,false,2019-12-07T22:21:16.000Z,2019-12-08T00:07:49.000Z,FixedPrice,false,1000,false,kerna2,100,501,133
392575830421,Super Copy 1:1 Gen 2 Bluetooth 5.0 Earbuds Wireless Earphones with H1 Chip,PayPal,331**,Free,38.0,EndedWithSales,false,false,2019-12-07T22:20:36.000Z,2019-12-07T22:59:56.000Z,FixedPrice,false,1000,false,binsupply,100,5,1195
274132168064,Apple iPhone 7 Plus - 128GB - Black - A1661 CDMA+GSM - Unlocked - iOS 12.1,PayPal,080**,Calculated,249.0,EndedWithSales,true,false,2019-12-07T22:20:20.000Z,2019-12-07T23:49:04.000Z,FixedPrice,false,3000,false,lemcke,,154,948
324005635492,Apple iPhone X - 64GB - Space Gray (Sprint) A1865 (CDMA + GSM),PayPal,483**,Free,345.0,EndedWithSales,false,false,2019-12-07T22:17:51.000Z,2019-12-08T00:05:22.000Z,FixedPrice,false,3000,false,vinny-k,100,229,116
174118981499,Good-Apple iPhone SE - 32GB - Space Gray (Nex-Tech Wireless) A1662 (CDMA + GSM),PayPal,537**,Free,64.99,EndedWithSales,true,false,2019-12-07T22:17:38.000Z,2019-12-07T23:01:01.000Z,StoreInventory,true,3000,false,thunder_phone_sales,97.2,4171,307
401988599336,4 In 1 Earphone Silicone Case Anti-lost Wire Eartips for Apple Airpods Air Pods,PayPal,926**,Calculated,15.99,EndedWithoutSales,false,false,2019-12-07T22:16:37.000Z,2019-12-08T00:58:24.000Z,FixedPrice,false,1000,false,maiko-65,,0,880
401988599336,4 In 1 Earphone Silicone Case Anti-lost Wire Eartips for Apple Airpods Air Pods,PayPal,926**,Calculated,15.99,EndedWithoutSales,false,false,2019-12-07T22:16:37.000Z,2019-12-08T00:58:24.000Z,FixedPrice,false,1000,false,maiko-65,,0,880
401988599336,4 In 1 Earphone Silicone Case Anti-lost Wire Eartips for Apple Airpods Air Pods,PayPal,926**,Calculated,15.99,EndedWithoutSales,false,false,2019-12-07T22:16:37.000Z,2019-12-08T00:58:24.000Z,FixedPrice,false,1000,false,maiko-65,,0,880
401988599336,4 In 1 Earphone Silicone Case Anti-lost Wire Eartips for Apple Airpods Air Pods,PayPal,926**,Calculated,15.99,EndedWithoutSales,false,false,2019-12-07T22:16:37.000Z,2019-12-08T00:58:24.000Z,FixedPrice,false,1000,false,maiko-65,,0,880
401988599336,4 In 1 Earphone Silicone Case Anti-lost Wire Eartips for Apple Airpods Air Pods,PayPal,926**,Calculated,15.99,EndedWithoutSales,false,false,2019-12-07T22:16:37.000Z,2019-12-08T00:58:24.000Z,FixedPrice,false,1000,false,maiko-65,,0,880
401988599336,4 In 1 Earphone Silicone Case Anti-lost Wire Eartips for Apple Airpods Air Pods,PayPal,926**,Calculated,15.99,EndedWithoutSales,false,false,2019-12-07T22:16:37.000Z,2019-12-08T00:58:24.000Z,FixedPrice,false,1000,false,maiko-65,,0,880
401988599336,4 In 1 Earphone Silicone Case Anti-lost Wire Eartips for Apple Airpods Air Pods,PayPal,926**,Calculated,15.99,EndedWithoutSales,false,false,2019-12-07T22:16:37.000Z,2019-12-08T00:58:24.000Z,FixedPrice,false,1000,false,maiko-65,,0,880
143464974194,New REIKO LG SPREE DIAMOND RHINESTONE WALLET CASE IN PINK,PayPal,112**,Free,11.5,EndedWithoutSales,false,false,2019-12-07T22:13:59.000Z,2019-12-07T23:14:01.000Z,FixedPrice,true,1000,false,cheaptickets16,98.9,435,1437
143464974195,New REIKO LG SPREE DIAMOND RHINESTONE WALLET CASE IN PURPLE,PayPal,112**,Free,11.5,EndedWithoutSales,false,false,2019-12-07T22:13:59.000Z,2019-12-07T23:14:04.000Z,FixedPrice,true,1000,false,cheaptickets16,98.9,435,1439
133265080361,OEM Genuine Apple iPhone Charger. Lightning USB,PayPal,606**,Free,12.99,EndedWithSales,false,false,2019-12-07T22:13:43.000Z,2019-12-07T23:29:35.000Z,FixedPrice,true,1000,true,stylingchancee,100,126,106
133264497191,Samsung Galaxy S10+ SM-G975U - 128GB - Prism Black (Unlocked) (Single SIM),PayPal,940**,Calculated,300.0,EndedWithSales,true,false,2019-12-07T22:12:59.000Z,2019-12-07T22:16:20.000Z,FixedPrice,false,1000,false,sowers.ap-13,,0,142
114005529662,NEW GOLD SPRINT 64GB APPLE IPHONE 8 PLUS 8+ SMART PHONE FS13,NA,103**,Free,333.75,EndedWithSales,false,false,2019-12-07T22:12:51.000Z,2019-12-07T22:41:35.000Z,StoreInventory,true,1500,true,diana_cells,99.7,26131,2729
114005529539,NEW GOLD SPRINT APPLE 16GB IPHONE 6S PLUS SMART CELL PHONE FT63,NA,103**,Free,163.49,EndedWithSales,false,false,2019-12-07T22:12:46.000Z,2019-12-07T23:19:56.000Z,StoreInventory,true,1500,true,diana_cells,99.7,26131,2565
372867903425,Apple AirPods 2nd Generation with Wireless Charging Case - White (MRXJ2AM/A),PayPal,374**,Calculated,125.0,EndedWithSales,false,false,2019-12-07T22:11:41.000Z,2019-12-07T22:36:45.000Z,FixedPrice,false,1000,false,cten_us_wz8ztyh9jt,100,6,143
303394585713,2 X Roam Voyage Robuste sans Fil Compact Bluetooth Haut-Parleur avec Microphone,PayPal,00000,Flat,33.06,EndedWithoutSales,false,false,2019-12-07T22:11:29.000Z,2019-12-07T22:15:00.000Z,FixedPrice,true,1000,false,computer-star*,99.5,245901,8525
124003081131,New Kyocera E4610 DuraXV LTE Camera version Verizon Feature Phone,PayPal,921**,Flat,110.0,EndedWithSales,false,false,2019-12-07T22:10:37.000Z,2019-12-07T23:29:35.000Z,FixedPrice,true,1000,false,krustykanuck,100,848,1658
174118978409,Apple iPhone X - 64GB - Space Gray (Sprint) A1865 (CDMA + GSM),PayPal,606**,Calculated,325.0,EndedWithoutSales,false,false,2019-12-07T22:10:11.000Z,2019-12-07T22:53:02.000Z,FixedPrice,false,3000,false,cleidle,100,83,498
133265077197,Apple Airpods Wireless Headphones New sealed/unopened authentic FREE SHIPPING,PayPal,441**,Free,99.0,EndedWithSales,true,false,2019-12-07T22:09:01.000Z,2019-12-07T22:29:18.000Z,FixedPrice,false,1000,false,remakenzie,100,203,144
264559705169,**Brand NEW Apple AirPods Pro (MWP22AM/A) - SEALED,PayPal,201**,Calculated,295.0,EndedWithSales,true,false,2019-12-07T22:07:36.000Z,2019-12-07T23:49:23.000Z,FixedPrice,false,1000,false,milojuju,100,130,106
283702937178,LG V20 H910A - 64GB - (AT&T) Smartphone - Used - nice condition!,PayPal,770**,Flat,60.0,EndedWithSales,false,false,2019-12-07T22:07:35.000Z,2019-12-08T00:26:44.000Z,FixedPrice,false,3000,false,72camarolove,100,257,187
163978669404,Samsung Galaxy S10 Plus 128GB Prism White Unlocked Excellent Condition,PayPal,027**,FreePickup,550.0,EndedWithoutSales,true,false,2019-12-07T22:07:12.000Z,2019-12-07T22:08:44.000Z,FixedPrice,false,3000,false,hunting.for.mtg,100,403,132
124003076133,New Kyocera E4610 DuraXV LTE Camera version Verizon Feature Phone,PayPal,921**,Flat,125.0,EndedWithSales,false,false,2019-12-07T22:06:41.000Z,2019-12-08T00:08:18.000Z,FixedPrice,true,1000,false,krustykanuck,100,848,1477
352882449603,Samsung Galaxy S10+ SM-G975 - 128GB - Prism Black (Verizon) Read Description,PayPal,362**,Calculated,150.0,EndedWithSales,true,false,2019-12-07T22:05:33.000Z,2019-12-07T22:18:46.000Z,FixedPrice,true,3000,false,lance3006,100,11,555
233426708924,AirPods Pro Style Wireless Earbuds With Charger,PayPal,954**,Flat,60.0,EndedWithSales,true,false,2019-12-07T22:05:13.000Z,2019-12-07T22:08:03.000Z,FixedPrice,false,1500,false,rcmay77,100,174,166
163978663257,Apple Watch Series 3 GPS 38 mm Space Gray Aluminum Case with Black Sport Band,PayPal,377**,Free,164.99,EndedWithSales,true,false,2019-12-07T22:03:21.000Z,2019-12-07T22:53:15.000Z,StoreInventory,true,3000,true,itekpro_solutions,100,941,2570
274132158511,Samsung Galaxy J3 Prime Metro PCS Black 16GB Cracked Google Locked,PayPal,482**,Free,24.99,EndedWithSales,false,false,2019-12-07T22:02:40.000Z,2019-12-08T00:46:40.000Z,FixedPrice,false,7000,false,twotalkwireless,99.3,1373,411
124003071163,Samsung Galaxy S7 edge SM-G935 - 32 GB - Gold Platinum (Verizon) Smartphone,PayPal,161**,Free,100.0,EndedWithSales,false,false,2019-12-07T22:01:22.000Z,2019-12-07T22:04:52.000Z,FixedPrice,false,3000,false,stargate363,100,421,1
333429055268,Apple iPhone XS Max - 64GB - Silver (T-Mobile) A1921 (CDMA + GSM),PayPal,113**,Free,320.0,EndedWithSales,false,false,2019-12-07T22:01:11.000Z,2019-12-07T22:58:35.000Z,FixedPrice,false,7000,false,sohvir0,,0,344
283702931346,Apple iPhone 8 Plus - 64GB - Silver (Unlocked) A1864 (CDMA + GSM),PayPal,329**,Calculated,350.0,EndedWithSales,true,false,2019-12-07T21:57:58.000Z,2019-12-07T23:13:17.000Z,FixedPrice,true,3000,false,hollowayb13-us,,35,127
223785346672,NEW Apple AirPods Pro  MWP22AM/A  - White ,PayPal,198**,Calculated,295.99,EndedWithSales,true,false,2019-12-07T21:56:42.000Z,2019-12-07T23:59:57.000Z,FixedPrice,false,1000,false,jtan7986,100,218,109
202848234468,Apple iPhone 11 Pro Max - 64GB - Midnight¬†Green (Unlocked) A2161 (CDMA + GSM),PayPal,787**,Free,1119.0,EndedWithSales,true,false,2019-12-07T21:56:16.000Z,2019-12-08T00:25:05.000Z,FixedPrice,true,1000,false,NA,NA,NA,NA
223785345942,Airpods with wireless charging case,PayPal,913**,Free,79.99,EndedWithSales,false,false,2019-12-07T21:55:19.000Z,2019-12-08T01:04:29.000Z,StoreInventory,true,1000,false,tml.electroniics,100,22,76
392575798621,2 x Roam Journey Rugged Wireless Compact Bluetooth Speaker with Microphone,PayPal,00000,Free,33.46,EndedWithoutSales,false,false,2019-12-07T21:53:06.000Z,2019-12-07T22:16:00.000Z,FixedPrice,true,1000,false,computer-star*,99.5,245901,7125
352882434013,SanDisk 128GB 128G Ultra Micro SD HC Class10 TF Flash Memory Card mobile adapter,PayPal,502**,Free,14.2,EndedWithSales,true,false,2019-12-07T21:52:45.000Z,2019-12-08T00:14:12.000Z,FixedPrice,false,1000,false,kemoun-3,,0,147
401988734187,Apple AirPods 2nd Generation with Wireless Charging Case - White (MRXJ2AM/A),PayPal,061**,Calculated,115.0,EndedWithSales,false,false,2019-12-07T21:51:51.000Z,2019-12-07T22:54:24.000Z,FixedPrice,false,1000,false,realmo_4,,1,143
254446529464, SAMSUNG GALAXY WATCH ACTIVE 2 44MM SM-R820NZKAXAR AQUA BLACK ,PayPal,087**,Flat,220.0,EndedWithSales,true,false,2019-12-07T21:51:44.000Z,2019-12-08T00:26:31.000Z,FixedPrice,false,1000,false,franklin_compra,100,340,111
184074000936,Apple iPhone 6s - 32GB - Space Gray (Cricket) A1633 (CDMA + GSM),PayPal,600**,Flat,75.0,EndedWithoutSales,true,false,2019-12-07T21:51:38.000Z,2019-12-07T22:19:06.000Z,FixedPrice,false,3000,false,jacwil1,100,75,450
303394564641,Apple iPhone 8 - 256GB - Space Gray (Verizon) A1863 (CDMA + GSM),PayPal,571**,Flat,295.0,EndedWithSales,true,false,2019-12-07T21:51:13.000Z,2019-12-08T00:30:14.000Z,FixedPrice,false,3000,false,NA,NA,NA,NA
223785343238,Apple iPhone 8 64GB Smartphone - Space Gray (A1863) - Verizon,PayPal,357**,Free,265.0,EndedWithSales,false,false,2019-12-07T21:50:44.000Z,2019-12-07T21:55:21.000Z,FixedPrice,false,3000,false,shawlemmond,100,142,241
324005618992,Apple AirPods 1st Generation Headphones,PayPal,945**,Flat,69.95,EndedWithSales,false,false,2019-12-07T21:50:09.000Z,2019-12-07T22:01:00.000Z,StoreInventory,true,3000,false,ddllco,100,4497,164
143464959035,Samsung Galaxy Note10+ SM-N975U - 256GB - Aura Black (Unlocked) (Single SIM),PayPal,104**,FreePickup,850.0,EndedWithSales,true,false,2019-12-07T21:48:57.000Z,2019-12-07T21:51:37.000Z,FixedPrice,true,1000,false,valereyes-52,,0,122
274132150081,NEW!! Milwaukee M18 Red Lithium XC8.0 Battery (48-11-1880),PayPal,126**,Free,69.99,EndedWithSales,false,false,2019-12-07T21:48:45.000Z,2019-12-07T23:19:57.000Z,StoreInventory,true,1000,false,givekidstheworld-2013,100,15542,463
254446527586,Samsung Galaxy J2 Prime - SM-G532G/DS - FOR PARTS/NOT WORKING,PayPal,483**,Calculated,15.0,EndedWithSales,false,false,2019-12-07T21:48:43.000Z,2019-12-07T21:56:31.000Z,StoreInventory,false,7000,false,georghil_52,100,105,248
254446527545,Apple iPhone 7 32GB - Jet Black (Unlocked),PayPal,440**,Free,99.0,EndedWithoutSales,false,false,2019-12-07T21:48:40.000Z,2019-12-07T21:51:32.000Z,StoreInventory,true,7000,true,flypixe,100,2175,43
372867884829,Apple AirPods 2nd Generation with Wireless Charging Case,PayPal,282**,Calculated,115.0,EndedWithSales,true,false,2019-12-07T21:47:53.000Z,2019-12-07T22:01:01.000Z,FixedPrice,false,3000,false,amacr3886,,0,230
312878154323,Apple AirPod 2 with Wireless Charging Case,PayPal,524**,Free,45.0,EndedWithSales,false,false,2019-12-07T21:43:45.000Z,2019-12-07T22:17:07.000Z,FixedPrice,false,1000,false,10xkey,100,2,783
114005500461,Apple iPhone 11 (PRODUCT)RED - 64GB (T-Mobile)--READ DESCRIPTION--,PayPal,350**,Flat,450.0,EndedWithoutSales,true,false,2019-12-07T21:42:50.000Z,2019-12-07T21:56:30.000Z,FixedPrice,false,3000,false,ima.eloua,100,35,371
133265058444,OtterBox Defender for Samsung Galaxy S7 - Black,PayPal,425**,Free,14.99,EndedWithSales,false,false,2019-12-07T21:42:22.000Z,2019-12-07T22:21:01.000Z,FixedPrice,false,1000,false,monekydoodle3,99.3,1612,114
283702919215,LG K30 X410TK - 32GB - Black (MetroPCS) - FOR PARTS!!,PayPal,337**,Calculated,19.99,EndedWithoutSales,false,false,2019-12-07T21:41:06.000Z,2019-12-07T21:44:33.000Z,StoreInventory,false,7000,false,technotopia2013,100,2240,139
362842747008,Original OEM Apple Earbuds Headphones For Apple iPhone 4 5 6 Plus 6S iPod 3.5mm,PayPal,750**,Free,9.95,EndedWithSales,false,false,2019-12-07T21:41:05.000Z,2019-12-08T00:20:17.000Z,StoreInventory,true,1000,false,hammmlet,100,2640,128
312878923854,Apple iPhone 6s - 32GB - Space Gray (Unlocked) Used Perfect Working Condition,PayPal,N3S***,Flat,90.46,EndedWithoutSales,true,false,2019-12-07T21:40:40.000Z,2019-12-07T21:59:37.000Z,FixedPrice,true,3000,false,amandswiry_0,,0,220
184073989466,Unlocked Apple iPhone XS Max - 256GB - Gold (READ),PayPal,941**,Flat,449.99,EndedWithoutSales,true,false,2019-12-07T21:40:32.000Z,2019-12-07T22:30:41.000Z,StoreInventory,false,3000,false,h0n3st_s3ll3r,100,676,699
352882420178,Boompods Downdraft Portable Travel Bluetooth Wireless Speaker BLUE,PayPal,00000,Free,15.44,EndedWithoutSales,false,false,2019-12-07T21:40:27.000Z,2019-12-07T22:01:37.000Z,FixedPrice,true,1000,false,computer-star*,99.5,245901,6427
202848226574,Apple AirPods 2nd Generation with Wireless Charging Case - White (MRXJ2AM/A),PayPal,200**,Calculated,100.0,EndedWithSales,true,false,2019-12-07T21:40:15.000Z,2019-12-07T22:12:10.000Z,FixedPrice,false,1000,false,ineedad_76,,0,143
333429035819,Apple iPhone  - 64GB - Midnight¬†Green (Unlocked) A2161 (CDMA + GSM),PayPal,322**,Free,750.0,EndedWithSales,true,false,2019-12-07T21:38:53.000Z,2019-12-07T22:08:35.000Z,StoreInventory,false,1000,false,snkari1105-9,94.7,38,128
324005609959,Apple iPhone 7 - 32GB - Jet Black (AT&T Unlocked) Model A1660,PayPal,729**,Calculated,179.0,EndedWithSales,true,false,2019-12-07T21:38:48.000Z,2019-12-07T22:21:04.000Z,FixedPrice,false,3000,false,jckrsna12,100,155,398
174118963384,Samsung Galaxy S8 SM-G950U - 64GB - Midnight Black (Unlocked),PayPal,537**,Free,74.99,EndedWithSales,true,false,2019-12-07T21:38:05.000Z,2019-12-07T23:22:10.000Z,StoreInventory,true,7000,false,thunder_phone_sales,97.2,4171,314
283702916564,Samsung Galaxy S5 SM-G900A - 16GB - Electric Blue (AT&T) Smartphone,PayPal,605**,Calculated,60.0,EndedWithSales,true,false,2019-12-07T21:37:40.000Z,2019-12-07T22:23:11.000Z,FixedPrice,false,3000,false,fcrook340,100,1812,715
202848224614,Supreme Airpods case cover leather,PayPal,025**,Calculated,1.0,EndedWithSales,false,false,2019-12-07T21:35:09.000Z,2019-12-07T21:36:14.000Z,FixedPrice,true,1000,false,djooleshop,97.4,51,28
274132142227,For iPhone 11 / 11 Pro / 11 Pro Max Case  Shockproof Cover,PayPal,917**,Free,6.99,EndedWithoutSales,false,false,2019-12-07T21:34:20.000Z,2019-12-07T22:17:01.000Z,FixedPrice,true,1000,false,liuzhao,100,87,94
274132142227,For iPhone 11 / 11 Pro / 11 Pro Max Case  Shockproof Cover,PayPal,917**,Free,6.99,EndedWithoutSales,false,false,2019-12-07T21:34:20.000Z,2019-12-07T22:17:01.000Z,FixedPrice,true,1000,false,liuzhao,100,87,94
274132142227,For iPhone 11 / 11 Pro / 11 Pro Max Case  Shockproof Cover,PayPal,917**,Free,6.99,EndedWithoutSales,false,false,2019-12-07T21:34:20.000Z,2019-12-07T22:17:01.000Z,FixedPrice,true,1000,false,liuzhao,100,87,94
274132142227,For iPhone 11 / 11 Pro / 11 Pro Max Case  Shockproof Cover,PayPal,917**,Free,6.99,EndedWithoutSales,false,false,2019-12-07T21:34:20.000Z,2019-12-07T22:17:01.000Z,FixedPrice,true,1000,false,liuzhao,100,87,94
274132142227,For iPhone 11 / 11 Pro / 11 Pro Max Case  Shockproof Cover,PayPal,917**,Free,6.99,EndedWithoutSales,false,false,2019-12-07T21:34:20.000Z,2019-12-07T22:17:01.000Z,FixedPrice,true,1000,false,liuzhao,100,87,94
274132142227,For iPhone 11 / 11 Pro / 11 Pro Max Case  Shockproof Cover,PayPal,917**,Free,6.99,EndedWithoutSales,false,false,2019-12-07T21:34:20.000Z,2019-12-07T22:17:01.000Z,FixedPrice,true,1000,false,liuzhao,100,87,94
274132142227,For iPhone 11 / 11 Pro / 11 Pro Max Case  Shockproof Cover,PayPal,917**,Free,6.99,EndedWithoutSales,false,false,2019-12-07T21:34:20.000Z,2019-12-07T22:17:01.000Z,FixedPrice,true,1000,false,liuzhao,100,87,94
274132141356,Apple iPhone XR - 64GB - Black(Unlocked) A1984(CDMA + GSM)READ FULL DESCRIPTION!,PayPal,992**,Flat,299.0,EndedWithSales,false,false,2019-12-07T21:33:30.000Z,2019-12-07T21:34:13.000Z,FixedPrice,true,7000,true,phonesalesking,100,213,429
184073981648,Apple AirPods Pro - White,PayPal,338**,Calculated,260.0,EndedWithSales,false,false,2019-12-07T21:31:57.000Z,2019-12-07T21:49:03.000Z,FixedPrice,false,1000,false,gregorcastill_0,100,8,86
193245865351,Motorola Moto Z2 Force 64GB- Black (Verizon) Smartphone with Gamepad mod,PayPal,272**,Calculated,90.0,EndedWithSales,true,false,2019-12-07T21:29:20.000Z,2019-12-07T21:59:13.000Z,StoreInventory,false,3000,false,julesgotjewels,100,2359,515
312878918290,Apple iPhone XS Max - 64GB - Space Gray (AT&T),PayPal,760**,Calculated,725.0,EndedWithoutSales,true,false,2019-12-07T21:29:18.000Z,2019-12-07T21:33:02.000Z,FixedPrice,false,3000,false,ltuguy289,100,938,511
283702909942,Sealed New Samsung Galaxy Watch Active 2 SM-R820 44mm Aluminum Case Aqua Black,PayPal,323**,Free,249.0,EndedWithSales,false,false,2019-12-07T21:28:51.000Z,2019-12-07T23:49:56.000Z,FixedPrice,false,1000,false,moincse,100,282,25
392575782672,Hama USB 2.1 Amp Mains Wall Charger World Travel Set for UK EU USA,PayPal,00000,Free,13.56,EndedWithoutSales,false,false,2019-12-07T21:27:50.000Z,2019-12-07T21:42:46.000Z,FixedPrice,true,1000,false,computer-star*,99.5,245901,21820
143464947290,Apple iPhone XR - 64GB - Blue (T-Mobile) A1984 Smartphone Bad ESN,PayPal,524**,Free,299.95,EndedWithSales,false,false,2019-12-07T21:27:37.000Z,2019-12-08T01:37:22.000Z,StoreInventory,true,7000,true,smartphonesplusllc,99,680,1065
264559674169,Apple AirPods Pro - White,PayPal,379**,Calculated,195.99,EndedWithSales,true,false,2019-12-07T21:26:47.000Z,2019-12-07T21:34:42.000Z,FixedPrice,true,1000,false,hedde_justi,,11,86
223785326781,Apple iPhone XS Max - 64GB - Gold (AT&T) Blacklisted Bad Esn (FOR PARTS),PayPal,222**,Free,469.99,EndedWithSales,false,false,2019-12-07T21:26:35.000Z,2019-12-08T01:35:24.000Z,StoreInventory,false,7000,false,paperworldz,100,1475,653
383306880066,Apple iPhone XS Max - 64GB - Silver (Unlocked) NEW WITH BOX,PayPal,940**,Calculated,999.99,EndedWithSales,true,false,2019-12-07T21:26:27.000Z,2019-12-07T22:37:13.000Z,FixedPrice,false,1000,false,paha-2086,,0,120
184073968204,SEALED Apple AirPods Pro with Wireless Charging Case MWP22AM/A Brand New ,PayPal,606**,Free,299.95,EndedWithSales,false,false,2019-12-07T21:26:04.000Z,2019-12-07T21:59:00.000Z,FixedPrice,false,1000,false,dsum801,80,146,545
193245863502,Motorola Moto Z2 Force 64GB- Black (Verizon) Smartphone +JBL mod+ projector mod,PayPal,272**,Calculated,140.0,EndedWithSales,true,false,2019-12-07T21:25:52.000Z,2019-12-07T22:40:36.000Z,StoreInventory,false,3000,false,julesgotjewels,100,2359,510
352882404727,Apple iPhone SE 32GB Space Gray - For AT&T (Renewed),PayPal,385**,Free,139.99,EndedWithoutSales,true,false,2019-12-07T21:24:29.000Z,2019-12-07T21:37:21.000Z,FixedPrice,false,2000,false,khajiitw-76,,0,913
362842728757,Apple Iphone XS Max 256gb Unlocked Space Gray Excellent condition  barely used,PayPal,905**,Calculated,700.0,EndedWithSales,true,false,2019-12-07T21:22:45.000Z,2019-12-07T22:52:00.000Z,FixedPrice,false,1500,false,yahyei-0,100,8,122
352882403218,Boompods Downdraft Portable Voyage Bluetooth sans Fil Enceinte Bleu,PayPal,00000,Flat,15.67,EndedWithoutSales,false,false,2019-12-07T21:20:54.000Z,2019-12-07T21:36:00.000Z,FixedPrice,true,1000,false,computer-star*,99.5,245901,7716
153753586400,Samsung Galaxy - S10 Plus LCD Replacement Screen Digitizer With Frame Prism Blue,PayPal,585**,Flat,194.99,EndedWithSales,true,false,2019-12-07T21:20:14.000Z,2019-12-07T22:56:54.000Z,FixedPrice,false,1000,false,cellcore,100,22,124
124003041971,UNLOCKED Samsung GALAXY S10 128GB - FLAMINGO PINK,PayPal,341**,Free,429.0,EndedWithSales,false,false,2019-12-07T21:19:59.000Z,2019-12-07T21:35:45.000Z,FixedPrice,false,3000,false,csadler,100,533,3531
372867867936,Apple AirPods Pro - White,PayPal,339**,CalculatedDomesticFlatInternational,120.0,EndedWithSales,false,false,2019-12-07T21:19:19.000Z,2019-12-07T23:05:41.000Z,FixedPrice,false,1000,false,fazem-75,85.7,5,147
401988713851,Apple iPhone XR 64GB Black AT&T - Brand New Sealed. Read Description,PayPal,331**,Free,529.0,EndedWithoutSales,true,false,2019-12-07T21:18:19.000Z,2019-12-07T22:57:01.000Z,FixedPrice,true,1000,false,aprovedor,100,64,220
202848217001,Apple AirPods with Wireless Charging Case - White,PayPal,481**,Calculated,160.0,EndedWithSales,true,false,2019-12-07T21:17:42.000Z,2019-12-07T21:47:13.000Z,FixedPrice,false,1500,false,miaz-isab,,0,98
352882398609,Apple iPhone 6S Plus 64GB Factory Unlocked 4G LTE 12MP Camera iOS Smartphone,PayPal,385**,Free,189.99,EndedWithoutSales,true,false,2019-12-07T21:17:07.000Z,2019-12-07T21:19:15.000Z,FixedPrice,false,2000,false,khajiitw-76,,0,2413
174118949161,NEW EGO Power+ BA1400T¬†56V ARC Lithium-ion 2.5Ah Battery New G,PayPal,840**,Free,99.99,EndedWithSales,true,false,2019-12-07T21:15:55.000Z,2019-12-08T00:48:13.000Z,StoreInventory,false,1000,false,saltycarott,99,747,122
124003039648,Unlocked Google Pixel 4 XL 64GB - Clearly White - (Brand New Sealed in Box),PayPal,890**,Calculated,775.0,EndedWithoutSales,true,false,2019-12-07T21:15:47.000Z,2019-12-07T21:22:04.000Z,FixedPrice,false,1000,false,vegas_baby2017,100,140,284
153753583780,Apple AirPods 2nd Generation with Wireless Charging Case - White,PayPal,442**,Free,125.99,EndedWithSales,false,false,2019-12-07T21:15:23.000Z,2019-12-08T00:43:20.000Z,FixedPrice,true,1000,false,20.jl.r1,100,17,915
362842720641,Samsung Galaxy Note10 SM-N970U - 256GB - Aura Black (Unlocked) (Single SIM),PayPal,871**,Flat,680.0,EndedWithSales,true,false,2019-12-07T21:14:16.000Z,2019-12-07T22:08:43.000Z,FixedPrice,false,1000,false,ariamido,100,31,232
312878122736,Apple iPhone XR - 256GB - Black (Unlocked) A1984 (CDMA + GSM),PayPal,928**,Calculated,480.0,EndedWithSales,false,false,2019-12-07T21:13:07.000Z,2019-12-07T22:25:37.000Z,FixedPrice,false,1000,false,lessan-1430,,0,223
223785316316,Apple iPhone 8 64GB Smartphone - Space Gray (A1863) - Verizon,PayPal,357**,Free,265.0,EndedWithSales,false,false,2019-12-07T21:11:21.000Z,2019-12-07T21:45:45.000Z,FixedPrice,false,3000,false,shawlemmond,100,142,241
223785316126,Case-Mate Tough Case for Samsung Galaxy S10 5G - Smoke,PayPal,761**,Calculated,7.5,EndedWithSales,true,false,2019-12-07T21:11:05.000Z,2019-12-08T00:12:10.000Z,FixedPrice,false,1000,false,swb278953,100,89,121
264559654579,BRAND NEW Apple AirPods Pro  MWP22AM/A  - White In Hand Ready To Ship,PayPal,954**,Free,275.0,EndedWithSales,true,false,2019-12-07T21:10:06.000Z,2019-12-07T21:22:37.000Z,FixedPrice,false,1000,false,the_weststore,95,34,130
163978617478,Otterbox Symmetry Clear iPhone XR Case New,PayPal,640**,Free,19.0,EndedWithSales,false,false,2019-12-07T21:09:27.000Z,2019-12-07T22:00:34.000Z,FixedPrice,true,1000,false,97fordpower,100,582,104
124003027796,UNLOCKED Samsung GALAXY S10+ plus SM-G975U - 128GB - Prism Black with SPECK ,PayPal,341**,Free,459.0,EndedWithSales,false,false,2019-12-07T21:09:09.000Z,2019-12-07T21:18:41.000Z,FixedPrice,false,3000,false,csadler,100,533,3501
124003024051,UNLOCKED Samsung GALAXY S10+ plus SM-G975U - 128GB - Prism Black with OTTERBOX,PayPal,341**,Free,489.0,EndedWithSales,false,false,2019-12-07T21:05:30.000Z,2019-12-07T22:08:45.000Z,FixedPrice,false,3000,false,csadler,100,533,3827
352882390967,iPhone 7 128GB Product Red Unlocked In Mint Condition,PayPal,365**,Free,375.0,EndedWithoutSales,true,false,2019-12-07T21:05:01.000Z,2019-12-07T21:18:47.000Z,FixedPrice,false,3000,false,cgperkins,100,71,111
114005476161,TRACFONE LG L442BG 3G Prepaid Phone,PayPal,919**,Free,18.0,EndedWithSales,true,false,2019-12-07T21:04:02.000Z,2019-12-08T00:19:28.000Z,FixedPrice,true,1000,false,brandz4less26,99.4,631,47
124003022881,Samsung Galaxy A70 SM-A705MN - 128GB - Blue (GSM Unlocked) (Dual Sim),PayPal,836**,Free,295.0,EndedWithSales,true,false,2019-12-07T21:03:50.000Z,2019-12-08T01:34:37.000Z,FixedPrice,false,3000,false,andyr123861,100,27,564
124003022752,Samsung Galaxy S10+ plus SM-G975U 512GB Ceramic Black BAD IMEI READ DESCRITION,PayPal,974**,Flat,549.99,EndedWithSales,true,false,2019-12-07T21:03:37.000Z,2019-12-07T21:05:02.000Z,StoreInventory,true,7000,false,aceeugene,100,1426,224
184073946107,Apple iPhone 7 - 128GB - Black (Unlocked) A1778 (GSM) - Poor Rear Cam Quality,PayPal,495**,Calculated,109.99,EndedWithSales,false,false,2019-12-07T21:02:56.000Z,2019-12-07T21:03:19.000Z,FixedPrice,false,3000,false,spunkemonk,100,243,262
401988704391,Apple AirPods 2nd Generation with Wireless Charging Case - White (MRXJ2AM/A),PayPal,302**,Free,135.0,EndedWithSales,true,false,2019-12-07T21:01:37.000Z,2019-12-07T23:41:50.000Z,FixedPrice,false,1000,false,jovannmurra0,50,0,1652
